t_rel,state_stamp,x,y,z,vx,vy,vz
5.965217,1783675224.972734,-0.000000,-0.000000,1.165417,-0.000000,-0.000000,-0.008155
5.996663,1783675225.006816,-0.000000,-0.000000,1.165060,-0.000000,-0.000000,-0.007899
6.010435,1783675225.006816,-0.000000,-0.000000,1.165060,-0.000000,-0.000000,-0.007899
6.021397,1783675225.028498,0.000000,0.000000,1.164891,0.000004,0.000004,-0.008271
6.031447,1783675225.038819,0.000003,0.000003,1.164764,0.000054,0.000056,-0.008731
6.041448,1783675225.048077,0.000011,0.000011,1.164621,0.000180,0.000187,-0.011631
6.051447,1783675225.060680,0.000033,0.000034,1.164418,0.000703,0.000731,-0.016436
6.061458,1783675225.070633,0.000071,0.000074,1.164173,0.001892,0.001968,-0.021131
6.072497,1783675225.070633,0.000071,0.000074,1.164173,0.001892,0.001968,-0.021131
6.083196,1783675225.087597,0.000153,0.000160,1.163844,0.004670,0.004859,-0.025239
6.093258,1783675225.096629,0.000276,0.000288,1.163520,0.009136,0.009504,-0.027875
6.105517,1783675225.115540,0.000656,0.000684,1.162876,0.024427,0.025390,-0.031157
6.115564,1783675225.124307,0.000741,0.000772,1.162828,0.025626,0.026646,-0.031619
6.126023,1783675225.132709,0.001144,0.001192,1.162465,0.038534,0.040049,-0.033618
6.135673,1783675225.140598,0.001681,0.001752,1.162089,0.054671,0.056789,-0.036624
6.147731,1783675225.140606,0.003301,0.003437,1.161204,0.096259,0.099928,-0.050736
6.157787,1783675225.167843,0.003514,0.003664,1.161115,0.098492,0.102348,-0.051681
6.167886,1783675225.178238,0.004820,0.005029,1.160453,0.124483,0.129410,-0.065547
6.178876,1783675225.178238,0.004820,0.005029,1.160453,0.124483,0.129410,-0.065547
6.188918,1783675225.194961,0.006817,0.007119,1.159424,0.159114,0.165611,-0.085651
6.198924,1783675225.207817,0.009041,0.009460,1.158243,0.192226,0.200703,-0.104852
6.209801,1783675225.217017,0.011569,0.012114,1.156878,0.228058,0.238853,-0.124877
6.219872,1783675225.225997,0.014354,0.015053,1.155387,0.263048,0.276779,-0.142480
6.229944,1783675225.237676,0.017833,0.018741,1.153564,0.302393,0.320106,-0.160035
6.239856,1783675225.248677,0.021400,0.022545,1.151752,0.338588,0.360780,-0.174322
6.249875,1783675225.258674,0.025196,0.026613,1.149877,0.373571,0.400836,-0.186782
6.259873,1783675225.258674,0.025196,0.026613,1.149877,0.373571,0.400836,-0.186782
6.269867,1783675225.274778,0.029374,0.031123,1.147916,0.408173,0.441262,-0.197893
6.280027,1783675225.274778,0.029374,0.031123,1.147916,0.408173,0.441262,-0.197893
6.289882,1783675225.294134,0.035535,0.037835,1.145080,0.453002,0.494574,-0.211713
6.299900,1783675225.305617,0.041293,0.044162,1.142466,0.489207,0.538594,-0.223478
6.310480,1783675225.316673,0.041873,0.044810,1.142255,0.493277,0.543291,-0.224113
6.321543,1783675225.316673,0.041873,0.044810,1.142255,0.493277,0.543291,-0.224113
6.331647,1783675225.339514,0.055589,0.060041,1.136282,0.567921,0.634125,-0.246708
6.341709,1783675225.349878,0.062637,0.067921,1.133300,0.602361,0.674855,-0.255389
6.351711,1783675225.359713,0.069390,0.075484,1.130516,0.634685,0.711538,-0.261782
6.361711,1783675225.368638,0.076286,0.083202,1.127738,0.667060,0.746421,-0.266798
6.372144,1783675225.379558,0.083444,0.091186,1.124938,0.700723,0.780342,-0.271068
6.381727,1783675225.388660,0.090557,0.099086,1.122211,0.733594,0.811145,-0.274715
6.391710,1783675225.388660,0.090557,0.099086,1.122211,0.733594,0.811145,-0.274715
6.401715,1783675225.405558,0.098107,0.107393,1.119420,0.769414,0.842645,-0.278667
6.414562,1783675225.421874,0.106230,0.116210,1.116535,0.808967,0.875343,-0.284387
6.424630,1783675225.429840,0.116175,0.126879,1.113072,0.855522,0.910993,-0.294522
6.436450,1783675225.446046,0.126655,0.137920,1.109464,0.903251,0.945611,-0.309356
6.444632,1783675225.446046,0.126655,0.137920,1.109464,0.903251,0.945611,-0.309356
6.454832,1783675225.463211,0.136388,0.147995,1.106165,0.947755,0.977990,-0.325236
6.464651,1783675225.474509,0.146714,0.158534,1.102641,0.993326,1.010928,-0.343933
6.474632,1783675225.484986,0.157761,0.169666,1.098848,1.040450,1.045426,-0.364398
6.484612,1783675225.492575,0.169640,0.181507,1.094656,1.086587,1.078043,-0.386187
6.494618,1783675225.503061,0.182034,0.193672,1.090195,1.132664,1.111117,-0.406418
6.504615,1783675225.503061,0.182034,0.193672,1.090195,1.132664,1.111117,-0.406418
6.514630,1783675225.503061,0.182034,0.193672,1.090195,1.132664,1.111117,-0.406418
6.524624,1783675225.534642,0.196315,0.207467,1.085160,1.188083,1.153564,-0.424088
6.534626,1783675225.534642,0.196315,0.207467,1.085160,1.188083,1.153564,-0.424088
6.544636,1783675225.550656,0.209182,0.219870,1.080652,1.233105,1.189139,-0.435552
6.554636,1783675225.550656,0.209182,0.219870,1.080652,1.233105,1.189139,-0.435552
6.564637,1783675225.574121,0.236284,0.245770,1.071198,1.310746,1.252942,-0.451339
6.574624,1783675225.574121,0.236284,0.245770,1.071198,1.310746,1.252942,-0.451339
6.584709,1783675225.593853,0.251950,0.260666,1.066145,1.356076,1.295923,-0.454862
6.594633,1783675225.593853,0.251950,0.260666,1.066145,1.356076,1.295923,-0.454862
6.604625,1783675225.614176,0.285744,0.292978,1.055333,1.428060,1.369407,-0.461264
6.614998,1783675225.623789,0.286791,0.293973,1.055072,1.434861,1.376481,-0.460879
6.624624,1783675225.633201,0.302826,0.309371,1.050042,1.461926,1.406372,-0.462236
6.634670,1783675225.633201,0.302826,0.309371,1.050042,1.461926,1.406372,-0.462236
6.646279,1783675225.655601,0.335353,0.340769,1.039785,1.497996,1.449206,-0.459723
6.658444,1783675225.655601,0.335353,0.340769,1.039785,1.497996,1.449206,-0.459723
6.668541,1783675225.669213,0.365738,0.370297,1.030273,1.517754,1.473756,-0.448888
6.679427,1783675225.687557,0.380603,0.384794,1.025708,1.523782,1.480766,-0.441134
6.688682,1783675225.695731,0.395019,0.398885,1.021313,1.526225,1.483322,-0.432180
6.698671,1783675225.695731,0.395019,0.398885,1.021313,1.526225,1.483322,-0.432180
6.708609,1783675225.718827,0.424450,0.427657,1.012692,1.526177,1.480410,-0.410259
6.718596,1783675225.718827,0.424450,0.427657,1.012692,1.526177,1.480410,-0.410259
6.728615,1783675225.732138,0.438212,0.441121,1.008838,1.524745,1.476795,-0.398721
6.738596,1783675225.746584,0.451601,0.454213,1.005212,1.520872,1.470622,-0.386055
6.748652,1783675225.754888,0.465160,0.467416,1.001718,1.518306,1.465457,-0.372852
6.758604,1783675225.764449,0.478068,0.480020,0.998508,1.510947,1.456617,-0.357753
6.768831,1783675225.771624,0.492923,0.494434,0.995026,1.506956,1.451046,-0.340898
6.778611,1783675225.781572,0.505993,0.507147,0.992127,1.499478,1.443913,-0.323500
6.789461,1783675225.798500,0.518667,0.519584,0.989504,1.478684,1.426438,-0.300123
6.801008,1783675225.804804,0.531027,0.531697,0.987134,1.464088,1.416487,-0.279084
6.812848,1783675225.817725,0.543134,0.543683,0.985021,1.446125,1.406103,-0.256928
6.824645,1783675225.829147,0.555326,0.555827,0.983060,1.427001,1.396837,-0.235224
6.834693,1783675225.837618,0.567382,0.567929,0.981275,1.405426,1.387290,-0.214369
6.844700,1783675225.847722,0.578698,0.579502,0.979777,1.377626,1.374360,-0.193897
6.854712,1783675225.857706,0.590385,0.591509,0.978313,1.351607,1.364306,-0.175778
6.864711,1783675225.870076,0.601398,0.603050,0.977068,1.320895,1.351414,-0.158518
6.874700,1783675225.881655,0.612465,0.614757,0.975893,1.290965,1.339897,-0.142971
6.885107,1783675225.887743,0.622471,0.625611,0.974949,1.255088,1.323392,-0.127479
6.897017,1783675225.899713,0.631226,0.635449,0.974239,1.212804,1.301265,-0.111507
6.908949,1783675225.912280,0.643974,0.649968,0.973287,1.161000,1.277043,-0.090375
6.919011,1783675225.920856,0.642125,0.648316,0.973486,1.149321,1.266585,-0.089539
6.929399,1783675225.930042,0.652570,0.660330,0.972789,1.115766,1.253585,-0.072777
6.939000,1783675225.947939,0.659727,0.669337,0.972463,1.074533,1.231457,-0.054952
6.949028,1783675225.956516,0.670346,0.681934,0.972033,1.052081,1.226765,-0.036067
6.959009,1783675225.969125,0.678487,0.692120,0.971887,1.026848,1.216403,-0.017660
6.969275,1783675225.969125,0.678487,0.692120,0.971887,1.026848,1.216403,-0.017660
6.979655,1783675225.981559,0.686916,0.702708,0.971865,1.008615,1.210884,-0.000137
6.992014,1783675226.000642,0.703736,0.724034,0.972209,0.985697,1.206620,0.030080
7.003422,1783675226.010750,0.711949,0.734592,0.972541,0.979262,1.206577,0.042527
7.013433,1783675226.020694,0.720254,0.745240,0.972959,0.976787,1.208583,0.053387
7.025410,1783675226.030834,0.728700,0.756055,0.973458,0.978207,1.213035,0.063296
7.035473,1783675226.041834,0.736960,0.766679,0.974005,0.980738,1.217275,0.072113
7.045474,1783675226.051684,0.745760,0.777856,0.974660,0.988580,1.225881,0.081218
7.055484,1783675226.062485,0.754537,0.788974,0.975379,0.997326,1.234395,0.090242
7.066122,1783675226.062485,0.754537,0.788974,0.975379,0.997326,1.234395,0.090242
7.076170,1783675226.085679,0.774877,0.814401,0.977350,1.024266,1.258809,0.112217
7.086267,1783675226.095642,0.784564,0.826358,0.978439,1.038829,1.271471,0.123903
7.096172,1783675226.105795,0.793675,0.837573,0.979525,1.048605,1.278212,0.134528
7.106445,1783675226.115741,0.803118,0.849116,0.980758,1.059592,1.286163,0.146101
7.116194,1783675226.125687,0.811785,0.859669,0.981951,1.064272,1.286458,0.156678
7.126177,1783675226.125687,0.811785,0.859669,0.981951,1.064272,1.286458,0.156678
7.136175,1783675226.137109,0.821228,0.871078,0.983368,1.072834,1.291282,0.169003
7.146181,1783675226.147338,0.831341,0.883235,0.985037,1.079067,1.292938,0.182439
7.156193,1783675226.147348,0.842074,0.896055,0.987059,1.081890,1.290508,0.196345
7.166176,1783675226.171694,0.852480,0.908428,0.989127,1.092159,1.297766,0.211722
7.176690,1783675226.181647,0.862700,0.920526,0.991347,1.099788,1.302180,0.226939
7.188653,1783675226.191681,0.873075,0.932762,0.993729,1.107298,1.306578,0.242727
7.198708,1783675226.202520,0.883485,0.944994,0.996294,1.114150,1.310455,0.258966
7.208840,1783675226.216477,0.894031,0.957349,0.999024,1.121247,1.314832,0.275448
7.220134,1783675226.222499,0.904605,0.969699,1.001944,1.128126,1.319328,0.292074
7.230818,1783675226.231795,0.915306,0.982171,1.005024,1.135650,1.324907,0.308534
7.241622,1783675226.247540,0.927026,0.995799,1.008590,1.143533,1.331198,0.325935
7.251671,1783675226.256890,0.926680,0.995375,1.008850,1.141109,1.329194,0.328054
7.262014,1783675226.267147,0.939058,1.009765,1.012746,1.153424,1.341101,0.346707
7.273962,1783675226.277689,0.950159,1.022648,1.016414,1.163600,1.351545,0.362049
7.285953,1783675226.286645,0.961283,1.035552,1.020159,1.174037,1.362913,0.375789
7.296725,1783675226.306837,0.983052,1.060793,1.027681,1.191952,1.384206,0.397257
7.308295,1783675226.316882,0.993812,1.073283,1.031533,1.200177,1.395270,0.406105
7.319371,1783675226.328847,1.004720,1.085966,1.035467,1.209316,1.408098,0.414376
7.329417,1783675226.337112,1.015800,1.098874,1.039429,1.219357,1.422577,0.421993
7.339478,1783675226.346853,1.026232,1.111053,1.043214,1.224705,1.432462,0.426582
7.350154,1783675226.357085,1.036623,1.123222,1.047026,1.229462,1.442487,0.430670
7.360175,1783675226.367606,1.046982,1.135399,1.050865,1.233560,1.452644,0.434192
7.370188,1783675226.367606,1.046982,1.135399,1.050865,1.233560,1.452644,0.434192
7.380180,1783675226.388618,1.068729,1.161142,1.058996,1.239979,1.474247,0.440167
7.390741,1783675226.398880,1.078516,1.172828,1.062822,1.238145,1.480029,0.441641
7.400608,1783675226.398880,1.078516,1.172828,1.062822,1.238145,1.480029,0.441641
7.412680,1783675226.422864,1.099700,1.198367,1.071701,1.242016,1.504107,0.453073
7.422742,1783675226.433024,1.111207,1.212371,1.076491,1.247832,1.521905,0.461467
7.432876,1783675226.433024,1.111207,1.212371,1.076491,1.247832,1.521905,0.461467
7.442732,1783675226.447877,1.124869,1.229129,1.082412,1.251902,1.540319,0.471925
7.453829,1783675226.459296,1.137047,1.244173,1.087539,1.258751,1.560114,0.482191
7.463883,1783675226.466808,1.150249,1.260604,1.093178,1.263446,1.578095,0.492196
7.474192,1783675226.476835,1.162003,1.275337,1.098470,1.264873,1.590610,0.501079
7.483885,1783675226.489034,1.173802,1.290216,1.103613,1.265934,1.601425,0.508465
7.496476,1783675226.499572,1.186809,1.306706,1.109484,1.266675,1.611969,0.517002
7.506531,1783675226.511672,1.201118,1.324938,1.116079,1.267969,1.622434,0.526629
7.516539,1783675226.521513,1.212771,1.339835,1.121548,1.267455,1.627359,0.532649
7.526549,1783675226.521513,1.212771,1.339835,1.121548,1.267455,1.627359,0.532649
7.536530,1783675226.545955,1.226410,1.357202,1.128911,1.264885,1.629203,0.545042
7.546532,1783675226.550269,1.226672,1.357508,1.129289,1.266723,1.631401,0.548462
7.556537,1783675226.559778,1.240984,1.375825,1.136305,1.277106,1.646431,0.561974
7.566632,1783675226.572084,1.255248,1.394062,1.143332,1.287692,1.659531,0.572326
7.576692,1783675226.580541,1.269149,1.411859,1.149872,1.296589,1.668677,0.575431
7.586718,1783675226.591290,1.283037,1.429518,1.156653,1.306185,1.677017,0.578582
7.596695,1783675226.591290,1.283037,1.429518,1.156653,1.306185,1.677017,0.578582
7.606696,1783675226.615854,1.310963,1.464745,1.170485,1.335912,1.703192,0.587768
7.616705,1783675226.626826,1.324476,1.481708,1.176925,1.351547,1.716438,0.588026
7.626688,1783675226.626826,1.324476,1.481708,1.176925,1.351547,1.716438,0.588026
7.636687,1783675226.641518,1.337931,1.498382,1.183406,1.366546,1.728072,0.587111
7.646719,1783675226.649289,1.353559,1.517840,1.190576,1.388230,1.747499,0.585371
7.656692,1783675226.658751,1.369243,1.537220,1.197630,1.409009,1.765830,0.581591
7.666694,1783675226.668715,1.383218,1.554377,1.203677,1.424971,1.779047,0.573684
7.676687,1783675226.679699,1.397530,1.571847,1.209777,1.442001,1.793850,0.566521
7.686704,1783675226.691203,1.413744,1.591569,1.216535,1.462202,1.812453,0.559574
7.696714,1783675226.699911,1.428315,1.609326,1.222268,1.477881,1.827057,0.549584
7.706697,1783675226.711609,1.428229,1.608899,1.222505,1.476984,1.824747,0.551152
7.716691,1783675226.724854,1.459514,1.646846,1.234347,1.509374,1.856108,0.531705
7.728220,1783675226.724854,1.459514,1.646846,1.234347,1.509374,1.856108,0.531705
7.738894,1783675226.748705,1.492435,1.686338,1.246567,1.543774,1.890936,0.518813
7.748959,1783675226.758860,1.508045,1.705023,1.252078,1.556910,1.903872,0.510528
7.758950,1783675226.768967,1.523572,1.723619,1.257358,1.568033,1.914441,0.500696
7.769954,1783675226.779185,1.539041,1.742069,1.262488,1.577491,1.922570,0.490009
7.781925,1783675226.788945,1.554674,1.760730,1.267524,1.587144,1.930604,0.479566
7.793736,1783675226.798777,1.554209,1.759841,1.267552,1.583683,1.925297,0.478499
7.806327,1783675226.807791,1.570886,1.779734,1.272668,1.590097,1.928627,0.463121
7.817496,1783675226.818674,1.587174,1.798992,1.277553,1.593645,1.926797,0.446743
7.827564,1783675226.829722,1.602401,1.816950,1.282060,1.599740,1.927870,0.433812
7.837551,1783675226.841041,1.620452,1.838274,1.287083,1.605893,1.926729,0.415898
7.851362,1783675226.850458,1.652817,1.876389,1.295532,1.623423,1.929956,0.385019
7.861386,1783675226.869851,1.670770,1.897267,1.299947,1.630797,1.926334,0.365023
7.871378,1783675226.869851,1.670770,1.897267,1.299947,1.630797,1.926334,0.365023
7.881390,1783675226.891121,1.684244,1.912426,1.303496,1.627976,1.910209,0.346539
7.891374,1783675226.895694,1.701835,1.932742,1.307492,1.643565,1.916673,0.330552
7.902061,1783675226.909774,1.717373,1.950350,1.311133,1.654650,1.917725,0.315721
7.911339,1783675226.917844,1.733502,1.968685,1.314550,1.669451,1.923667,0.300204
7.923045,1783675226.927670,1.749737,1.986994,1.317874,1.684463,1.929817,0.284584
7.934242,1783675226.937628,1.765749,2.005007,1.320818,1.697485,1.933878,0.266767
7.946129,1783675226.947646,1.781502,2.022500,1.323698,1.708101,1.935312,0.248780
7.958050,1783675226.957655,1.797369,2.040071,1.326367,1.718693,1.937499,0.230345
7.969893,1783675226.976651,1.831414,2.077556,1.331502,1.742527,1.946808,0.192394
7.981812,1783675226.986672,1.847401,2.094989,1.333731,1.750649,1.948558,0.174652
7.993696,1783675226.996652,1.863569,2.112609,1.335766,1.758747,1.951314,0.157168
8.005980,1783675227.006736,1.879418,2.129832,1.337580,1.763551,1.951194,0.139261
8.017494,1783675227.026670,1.911221,2.164469,1.340386,1.770892,1.951011,0.103073
8.029343,1783675227.036641,1.926631,2.181185,1.341532,1.770390,1.946960,0.085259
8.041266,1783675227.046670,1.941581,2.197415,1.342380,1.766101,1.939480,0.066303
8.053110,1783675227.056833,1.938092,2.193335,1.342599,1.743999,1.913866,0.064631
8.064993,1783675227.066988,1.968557,2.226473,1.343833,1.739329,1.904605,0.028965
8.076902,1783675227.086649,1.996006,2.256035,1.345109,1.717101,1.875404,-0.003686
8.086974,1783675227.086649,1.996006,2.256035,1.345109,1.717101,1.875404,-0.003686
8.096946,1783675227.101806,2.009807,2.270902,1.345611,1.707185,1.861661,-0.018849
8.106942,1783675227.110886,2.006189,2.266685,1.346709,1.684613,1.837112,-0.014158
8.116957,1783675227.120506,2.039043,2.302257,1.346996,1.690439,1.836192,-0.044339
8.126949,1783675227.134554,2.052244,2.316318,1.347937,1.679166,1.819423,-0.053438
8.138331,1783675227.142901,2.051327,2.315185,1.348728,1.673492,1.813658,-0.047035
8.151815,1783675227.153757,2.084112,2.350393,1.348615,1.684384,1.811945,-0.075328
8.162495,1783675227.163857,2.083055,2.349138,1.349336,1.677791,1.805226,-0.070050
8.174383,1783675227.183658,2.113789,2.381703,1.349900,1.689192,1.801319,-0.088894
8.184834,1783675227.193670,2.129313,2.398049,1.349934,1.696930,1.800306,-0.100106
8.196895,1783675227.203685,2.144665,2.414098,1.349989,1.704266,1.798183,-0.110891
8.208408,1783675227.213872,2.163413,2.433668,1.349340,1.715660,1.797441,-0.129297
8.220252,1783675227.223675,2.178458,2.449175,1.349168,1.722230,1.793545,-0.141473
8.230457,1783675227.233730,2.193600,2.464663,1.348991,1.729702,1.790581,-0.153133
8.240509,1783675227.243799,2.209531,2.480924,1.348411,1.742200,1.792977,-0.166785
8.252277,1783675227.254588,2.225441,2.497064,1.347709,1.754306,1.795028,-0.180715
8.262352,1783675227.263816,2.241337,2.513100,1.346882,1.765831,1.796841,-0.194981
8.272345,1783675227.273715,2.257226,2.529043,1.345929,1.776791,1.798356,-0.209262
8.283259,1783675227.284882,2.273116,2.544908,1.344849,1.786985,1.799636,-0.223674
8.295060,1783675227.303635,2.304374,2.575910,1.342372,1.801698,1.797618,-0.251878
8.307019,1783675227.313669,2.320110,2.591412,1.341053,1.808221,1.797071,-0.265407
8.318907,1783675227.324720,2.335852,2.606849,1.339836,1.813439,1.796332,-0.277511
8.330824,1783675227.334361,2.354486,2.625161,1.337747,1.825921,1.802804,-0.293982
8.342698,1783675227.343976,2.372989,2.643263,1.335858,1.835376,1.807531,-0.308298
8.354580,1783675227.363703,2.407625,2.677103,1.331789,1.853386,1.818294,-0.335458
8.366438,1783675227.373627,2.425521,2.694568,1.329315,1.863736,1.824847,-0.350414
8.378270,1783675227.383963,2.443341,2.711915,1.326928,1.872092,1.829656,-0.363890
8.390238,1783675227.394186,2.461575,2.729644,1.324229,1.881871,1.835240,-0.378390
8.402075,1783675227.403633,2.479794,2.747314,1.321485,1.890478,1.839295,-0.392276
8.412212,1783675227.413642,2.498370,2.765287,1.318426,1.900656,1.843587,-0.407549
8.424189,1783675227.433676,2.534530,2.800116,1.311835,1.913072,1.841828,-0.440534
8.436023,1783675227.444607,2.552630,2.817415,1.308480,1.919260,1.839359,-0.455575
8.446341,1783675227.453944,2.572963,2.836751,1.304332,1.928852,1.837129,-0.474613
8.458335,1783675227.464089,2.593565,2.856188,1.300002,1.940312,1.834637,-0.493667
8.470747,1783675227.473835,2.612366,2.873768,1.295939,1.951281,1.831040,-0.510665
8.480817,1783675227.485922,2.631060,2.891140,1.291510,1.961382,1.824968,-0.529591
8.490807,1783675227.498543,2.649677,2.908277,1.286939,1.971248,1.816638,-0.548300
8.502165,1783675227.510477,2.667267,2.924229,1.282793,1.974806,1.800858,-0.562943
8.514113,1783675227.517593,2.686036,2.941139,1.277795,1.986057,1.789724,-0.581711
8.525932,1783675227.527683,2.703677,2.956769,1.273212,1.990068,1.770422,-0.596233
8.537807,1783675227.538850,2.722040,2.972854,1.268131,1.998613,1.753260,-0.612191
8.551682,1783675227.559858,2.757568,3.003188,1.258160,2.008140,1.705346,-0.636933
8.561735,1783675227.569599,2.777278,3.019578,1.252403,2.013842,1.676120,-0.649405
8.571731,1783675227.579857,2.793989,3.033159,1.247617,2.010689,1.640791,-0.655939
8.584501,1783675227.589767,2.812046,3.047637,1.242037,2.014482,1.610465,-0.666991
8.596469,1783675227.598743,2.809770,3.045712,1.243183,2.001045,1.599033,-0.658756
8.607585,1783675227.608735,2.847282,3.074858,1.231294,2.003092,1.527544,-0.680227
8.618937,1783675227.628805,2.861064,3.085085,1.227451,1.978333,1.472044,-0.676262
8.631929,1783675227.638646,2.895869,3.110268,1.215961,1.967701,1.389671,-0.693989
8.642813,1783675227.648677,2.911520,3.121143,1.210893,1.950678,1.339408,-0.697037
8.656199,1783675227.659849,2.908421,3.119074,1.212371,1.932807,1.327538,-0.685957
8.666848,1783675227.670528,2.944380,3.143147,1.199893,1.912145,1.232123,-0.704096
8.678495,1783675227.680830,2.959690,3.153023,1.194642,1.890839,1.179135,-0.706110
8.690475,1783675227.692655,2.956559,3.151356,1.196160,1.872931,1.169879,-0.694265
8.705197,1783675227.712765,2.990070,3.172184,1.184175,1.834981,1.062861,-0.701177
8.715261,1783675227.722695,3.004535,3.180977,1.179063,1.808132,1.007750,-0.697766
8.727247,1783675227.732660,3.019348,3.189781,1.173694,1.783886,0.954965,-0.695318
8.738259,1783675227.742876,3.034848,3.198545,1.167903,1.764161,0.903681,-0.694749
8.749975,1783675227.752621,3.049794,3.206861,1.162341,1.741791,0.851856,-0.690770
8.760025,1783675227.763550,3.064910,3.214894,1.156639,1.721262,0.800634,-0.686777
8.770034,1783675227.773530,3.079728,3.222509,1.151057,1.699839,0.749380,-0.680645
8.780025,1783675227.773530,3.079728,3.222509,1.151057,1.699839,0.749380,-0.680645
8.791447,1783675227.799791,3.110286,3.238846,1.139840,1.645137,0.646370,-0.656422
8.803303,1783675227.808842,3.126255,3.246456,1.133622,1.635027,0.605901,-0.653854
8.815264,1783675227.820513,3.142363,3.253890,1.127357,1.626284,0.567032,-0.650262
8.827041,1783675227.828835,3.158404,3.261296,1.121193,1.617601,0.531289,-0.645230
8.838925,1783675227.840016,3.174672,3.268821,1.115001,1.610649,0.499537,-0.639965
8.850827,1783675227.860693,3.206897,3.282203,1.102860,1.594139,0.431958,-0.624719
8.862682,1783675227.870710,3.222954,3.288556,1.096932,1.585012,0.399677,-0.615228
8.874596,1783675227.881894,3.238973,3.294965,1.091155,1.575248,0.370357,-0.604632
8.886468,1783675227.892016,3.256653,3.301240,1.084775,1.563801,0.334920,-0.592711
8.898379,1783675227.901912,3.272542,3.306883,1.079198,1.551390,0.304619,-0.580527
8.910234,1783675227.919827,3.305265,3.317634,1.068021,1.518669,0.239854,-0.553113
8.922117,1783675227.930505,3.320651,3.322480,1.062923,1.500728,0.210022,-0.540036
8.934010,1783675227.939831,3.335834,3.327061,1.057978,1.480931,0.180024,-0.526944
8.945858,1783675227.950927,3.350783,3.331034,1.053123,1.459052,0.147334,-0.514141
8.957817,1783675227.960835,3.365555,3.335396,1.048522,1.436226,0.118935,-0.501099
8.969680,1783675227.970489,3.380079,3.339136,1.043996,1.411653,0.087593,-0.488407
8.981721,1783675227.989826,3.411703,3.345744,1.034130,1.356379,0.012137,-0.463256
8.993721,1783675228.000393,3.425770,3.349194,1.030009,1.330905,-0.016722,-0.450973
9.005894,1783675228.009718,3.439985,3.351936,1.025760,1.307104,-0.049143,-0.440140
9.017859,1783675228.021688,3.454498,3.355324,1.021633,1.287175,-0.075186,-0.429764
9.029634,1783675228.031639,3.468950,3.357287,1.017340,1.267455,-0.109708,-0.420305
9.041752,1783675228.051739,3.497985,3.360317,1.008916,1.233772,-0.178905,-0.401366
9.054479,1783675228.063738,3.512860,3.361958,1.004862,1.222518,-0.208812,-0.392100
9.066227,1783675228.063738,3.512860,3.361958,1.004862,1.222518,-0.208812,-0.392100
9.078563,1783675228.084825,3.542116,3.362528,0.996876,1.200679,-0.280641,-0.372721
9.088629,1783675228.095677,3.558302,3.361644,0.992510,1.191256,-0.324106,-0.362289
9.099713,1783675228.105661,3.572730,3.360390,0.988756,1.182263,-0.363667,-0.351832
9.108629,1783675228.117939,3.589666,3.358429,0.984562,1.170610,-0.410583,-0.337714
9.118629,1783675228.126695,3.603827,3.356122,0.981157,1.161884,-0.451557,-0.325826
9.128616,1783675228.137934,3.618113,3.353532,0.977925,1.154687,-0.491749,-0.313518
9.138674,1783675228.137934,3.618113,3.353532,0.977925,1.154687,-0.491749,-0.313518
9.148657,1783675228.159012,3.636659,3.351065,0.974400,1.157306,-0.531074,-0.299109
9.161100,1783675228.168647,3.650070,3.347169,0.971677,1.144746,-0.575015,-0.284459
9.173574,1783675228.178722,3.663870,3.342963,0.969128,1.135225,-0.618365,-0.270143
9.184319,1783675228.187824,3.677473,3.337103,0.966496,1.113361,-0.672417,-0.253391
9.194416,1783675228.199517,3.691486,3.331027,0.964127,1.094890,-0.724609,-0.237135
9.204484,1783675228.208991,3.704130,3.325040,0.962183,1.077696,-0.772710,-0.222522
9.214486,1783675228.217927,3.717150,3.317427,0.960139,1.052595,-0.830145,-0.207158
9.224474,1783675228.232523,3.729160,3.310270,0.958542,1.031775,-0.881163,-0.193489
9.235466,1783675228.242699,3.740894,3.302464,0.957082,1.009680,-0.934043,-0.180649
9.250351,1783675228.253503,3.753390,3.292931,0.955568,0.983379,-0.995520,-0.167920
9.261423,1783675228.263523,3.764372,3.283897,0.954386,0.958264,-1.050765,-0.156862
9.270447,1783675228.272679,3.774922,3.274078,0.953262,0.931402,-1.108455,-0.146908
9.280473,1783675228.283510,3.785147,3.263858,0.952293,0.904124,-1.165644,-0.137394
9.292877,1783675228.294603,3.794756,3.252886,0.951331,0.874176,-1.224822,-0.128977
9.303000,1783675228.304719,3.803933,3.241698,0.950513,0.843567,-1.282003,-0.120812
9.315296,1783675228.314882,3.812812,3.229793,0.949763,0.813071,-1.340670,-0.113045
9.328013,1783675228.326495,3.829398,3.204563,0.948521,0.751209,-1.456706,-0.097962
9.338062,1783675228.346834,3.836709,3.191260,0.947838,0.716858,-1.513580,-0.091871
9.351435,1783675228.357045,3.843849,3.177715,0.947354,0.684184,-1.568352,-0.084789
9.364310,1783675228.366684,3.850728,3.163615,0.946980,0.652143,-1.623019,-0.077132
9.376250,1783675228.377000,3.857232,3.148807,0.946626,0.619657,-1.678383,-0.069494
9.388527,1783675228.397496,3.869259,3.117651,0.946175,0.554442,-1.786594,-0.052941
9.398576,1783675228.407552,3.874781,3.101322,0.946084,0.521462,-1.838981,-0.043968
9.410004,1783675228.416475,3.880446,3.082093,0.945968,0.484042,-1.899980,-0.033957
9.420054,1783675228.427032,3.885761,3.062624,0.946090,0.446568,-1.956749,-0.022553
9.434753,1783675228.438846,3.890229,3.044335,0.946307,0.411598,-2.007140,-0.011585
9.446445,1783675228.447498,3.894714,3.023170,0.946604,0.371716,-2.064054,0.001009
9.459478,1783675228.467741,3.901846,2.982917,0.947732,0.297170,-2.163510,0.027435
9.471893,1783675228.481838,3.905083,2.959918,0.948519,0.254286,-2.215021,0.042451
9.481960,1783675228.491835,3.907808,2.937624,0.949370,0.210525,-2.255309,0.056606
9.493698,1783675228.498646,3.907944,2.938406,0.949704,0.212119,-2.249974,0.058765
9.505738,1783675228.513991,3.911582,2.894349,0.951674,0.128787,-2.332097,0.087611
9.519545,1783675228.524793,3.912819,2.871629,0.953074,0.086890,-2.370342,0.104343
9.529725,1783675228.532885,3.912920,2.871695,0.953497,0.088055,-2.369975,0.107956
9.541538,1783675228.542688,3.913747,2.845885,0.955178,0.041321,-2.411799,0.126622
9.551603,1783675228.552653,3.914079,2.822381,0.956933,-0.000785,-2.444676,0.144373
9.562386,1783675228.572708,3.913335,2.769983,0.961254,-0.091901,-2.505851,0.184436
9.573611,1783675228.582794,3.912341,2.745794,0.963452,-0.132294,-2.529196,0.203205
9.585913,1783675228.592681,3.910840,2.719370,0.966019,-0.175208,-2.549193,0.224037
9.595986,1783675228.602687,3.908876,2.692697,0.968902,-0.216876,-2.566587,0.246452
9.606142,1783675228.612787,3.906566,2.666524,0.971764,-0.256339,-2.576390,0.266975
9.615962,1783675228.624771,3.903897,2.640645,0.974991,-0.293895,-2.580843,0.289293
9.627219,1783675228.635837,3.900525,2.612830,0.978908,-0.332532,-2.595166,0.316860
9.637220,1783675228.645816,3.900606,2.613444,0.979280,-0.331320,-2.591150,0.319814
9.649204,1783675228.656440,3.893542,2.562947,0.986418,-0.399268,-2.606570,0.365821
9.660512,1783675228.667488,3.889644,2.538338,0.990516,-0.431197,-2.605974,0.390784
9.674439,1783675228.676685,3.885445,2.513745,0.994791,-0.463023,-2.602692,0.415710
9.684449,1783675228.686738,3.880984,2.489416,0.999331,-0.494448,-2.595364,0.441089
9.696430,1783675228.706734,3.871119,2.440830,1.009076,-0.558742,-2.573524,0.491767
9.706482,1783675228.706734,3.871119,2.440830,1.009076,-0.558742,-2.573524,0.491767
9.717194,1783675228.718576,3.865836,2.417104,1.013993,-0.591405,-2.555568,0.514436
9.731468,1783675228.731956,3.860284,2.393602,1.019383,-0.623299,-2.517703,0.536255
9.743505,1783675228.746651,3.860758,2.395642,1.019684,-0.618864,-2.504962,0.538467
9.753513,1783675228.757042,3.853968,2.369330,1.026217,-0.658054,-2.484332,0.568096
9.763516,1783675228.766853,3.847387,2.345459,1.032400,-0.695135,-2.463037,0.593933
9.776272,1783675228.775775,3.840521,2.322093,1.038805,-0.732468,-2.436605,0.618509
9.788691,1783675228.798719,3.824940,2.273969,1.052750,-0.813764,-2.369598,0.664209
9.801284,1783675228.808387,3.817290,2.252415,1.059266,-0.851484,-2.326296,0.680286
9.814031,1783675228.818243,3.809399,2.231564,1.065828,-0.888495,-2.277835,0.693900
9.826427,1783675228.827961,3.800550,2.209695,1.073011,-0.927642,-2.217483,0.705537
9.836435,1783675228.841760,3.791945,2.189892,1.079970,-0.961827,-2.144135,0.712399
9.847308,1783675228.849635,3.782116,2.168842,1.087508,-1.001608,-2.079946,0.720692
9.859233,1783675228.859697,3.772494,2.149610,1.094699,-1.036169,-2.005166,0.723074
9.871007,1783675228.880507,3.750944,2.111153,1.110316,-1.106428,-1.844629,0.723981
9.882967,1783675228.891533,3.740143,2.093840,1.117872,-1.137178,-1.764679,0.721174
9.896027,1783675228.905521,3.730229,2.078892,1.124909,-1.161686,-1.689617,0.718062
9.910566,1783675228.915530,3.719183,2.063199,1.132327,-1.190376,-1.621688,0.715447
9.922732,1783675228.926527,3.719850,2.063885,1.132441,-1.185097,-1.617590,0.717175
9.934367,1783675228.937851,3.707603,2.047321,1.140422,-1.213102,-1.541903,0.711082
9.945639,1783675228.947825,3.696044,2.032716,1.147591,-1.237826,-1.473273,0.703350
9.958241,1783675228.967874,3.673116,2.006073,1.161226,-1.275907,-1.330679,0.680185
9.970296,1783675228.977636,3.661705,1.993818,1.167806,-1.289938,-1.258779,0.666454
9.982092,1783675228.987642,3.649980,1.982032,1.174301,-1.303456,-1.188206,0.651866
9.991314,1783675228.999544,3.638271,1.970850,1.180656,-1.314110,-1.118447,0.636407
10.001372,1783675229.008656,3.626344,1.960127,1.186937,-1.323772,-1.050438,0.620637
10.011461,1783675229.018629,3.614176,1.949932,1.193083,-1.332816,-0.983829,0.604030
10.023311,1783675229.029863,3.602066,1.940280,1.199069,-1.339092,-0.918870,0.586743
10.038215,1783675229.041715,3.576717,1.922974,1.210399,-1.354425,-0.790273,0.548560
10.050599,1783675229.050623,3.577635,1.922719,1.210437,-1.347303,-0.792900,0.549398
10.061481,1783675229.063634,3.563972,1.914181,1.216276,-1.350986,-0.725085,0.526792
10.073045,1783675229.074002,3.552388,1.906939,1.221246,-1.346279,-0.666564,0.504539
10.084933,1783675229.094682,3.527043,1.893002,1.231376,-1.339395,-0.552463,0.457169
10.098598,1783675229.105033,3.514756,1.886958,1.235971,-1.335339,-0.501976,0.434033
10.112782,1783675229.119299,3.490388,1.876674,1.244216,-1.323252,-0.402549,0.384247
10.122829,1783675229.128583,3.491106,1.876180,1.244270,-1.317892,-0.406727,0.384755
10.136394,1783675229.136012,3.477895,1.871037,1.248470,-1.308709,-0.356510,0.356710
10.146447,1783675229.154876,3.453147,1.862415,1.255681,-1.285278,-0.266676,0.301312
10.160661,1783675229.164872,3.440092,1.858710,1.259021,-1.272919,-0.220677,0.271367
10.171414,1783675229.174669,3.427072,1.855587,1.262018,-1.259915,-0.175039,0.240587
10.182242,1783675229.184692,3.415966,1.853213,1.264319,-1.242842,-0.134228,0.211353
10.194672,1783675229.195876,3.403718,1.850268,1.266811,-1.215918,-0.090381,0.177063
10.206571,1783675229.215709,3.382997,1.846251,1.270444,-1.172279,-0.021052,0.121602
10.218577,1783675229.227024,3.372577,1.844773,1.271943,-1.150966,0.013064,0.094552
10.230583,1783675229.237517,3.362594,1.843252,1.273338,-1.126827,0.043917,0.068871
10.242564,1783675229.248978,3.352293,1.842060,1.274569,-1.104779,0.074465,0.044148
10.254441,1783675229.256665,3.341674,1.841689,1.275412,-1.084956,0.108477,0.019141
10.266577,1783675229.276690,3.320969,1.841375,1.276688,-1.041856,0.171071,-0.026887
10.278657,1783675229.276690,3.320969,1.841375,1.276688,-1.041856,0.171071,-0.026887
10.290596,1783675229.299105,3.309163,1.840319,1.277791,-1.011883,0.196735,-0.047155
10.302261,1783675229.308933,3.299213,1.841344,1.277773,-0.988389,0.229189,-0.068065
10.314173,1783675229.319604,3.289436,1.842198,1.277833,-0.963649,0.257395,-0.085565
10.326166,1783675229.332599,3.279655,1.843253,1.277818,-0.938807,0.284333,-0.100360
10.338057,1783675229.341649,3.269832,1.844700,1.277653,-0.914016,0.311432,-0.112722
10.349860,1783675229.352665,3.259343,1.846942,1.277187,-0.884778,0.343003,-0.124422
10.364920,1783675229.374710,3.240489,1.851716,1.276337,-0.829926,0.395357,-0.136099
10.374976,1783675229.384362,3.231497,1.854749,1.275736,-0.800150,0.421472,-0.139250
10.386161,1783675229.393717,3.222022,1.858483,1.274998,-0.765657,0.449191,-0.141308
10.396644,1783675229.393717,3.222022,1.858483,1.274998,-0.765657,0.449191,-0.141308
10.408511,1783675229.414505,3.205347,1.865754,1.273918,-0.703059,0.491278,-0.140422
10.420410,1783675229.424254,3.197451,1.869797,1.273345,-0.671516,0.510014,-0.140161
10.432346,1783675229.434821,3.189650,1.873988,1.272852,-0.641477,0.526214,-0.139888
10.443181,1783675229.444828,3.182271,1.878426,1.272273,-0.611248,0.541283,-0.141233
10.455101,1783675229.464819,3.168111,1.887715,1.271108,-0.555120,0.566060,-0.147051
10.469591,1783675229.475533,3.161591,1.892711,1.270319,-0.527636,0.578019,-0.152668
10.481108,1783675229.485506,3.155062,1.897598,1.269666,-0.503176,0.587033,-0.157437
10.492162,1783675229.496282,3.148831,1.902769,1.268832,-0.479480,0.596897,-0.163219
10.502179,1783675229.507752,3.142113,1.907888,1.268215,-0.462101,0.603993,-0.166657
10.515113,1783675229.516719,3.135915,1.914076,1.266969,-0.437895,0.616436,-0.173403
10.525565,1783675229.526655,3.129941,1.919795,1.265940,-0.421724,0.626417,-0.178084
10.537468,1783675229.536642,3.124234,1.925763,1.264752,-0.407006,0.637380,-0.183526
10.549235,1783675229.558784,3.112476,1.938274,1.262279,-0.390336,0.658971,-0.194736
10.561080,1783675229.558784,3.112476,1.938274,1.262279,-0.390336,0.658971,-0.194736
10.572999,1783675229.581686,3.100445,1.952049,1.259276,-0.387968,0.683805,-0.209153
10.584922,1783675229.592672,3.094565,1.959335,1.257527,-0.389624,0.697400,-0.216955
10.599429,1783675229.600644,3.088690,1.967403,1.255403,-0.389476,0.712446,-0.225499
10.608883,1783675229.610614,3.082951,1.975022,1.253445,-0.394244,0.726235,-0.231780
10.619317,1783675229.620649,3.076979,1.982837,1.251476,-0.402238,0.739981,-0.236423
10.631243,1783675229.630653,3.071642,1.990484,1.249432,-0.406806,0.752713,-0.240229
10.643069,1783675229.643668,3.065147,1.998802,1.247424,-0.420757,0.767259,-0.242473
10.654957,1783675229.663682,3.052248,2.016668,1.242889,-0.445986,0.799670,-0.246134
10.666824,1783675229.673669,3.046094,2.025413,1.240692,-0.458258,0.816294,-0.246864
10.678237,1783675229.683753,3.039642,2.034516,1.238474,-0.472672,0.834962,-0.247032
10.688497,1783675229.693923,3.033314,2.043725,1.236233,-0.485875,0.854954,-0.246906
10.705215,1783675229.713610,3.020991,2.062625,1.231567,-0.508344,0.900770,-0.249568
10.715455,1783675229.713610,3.020991,2.062625,1.231567,-0.508344,0.900770,-0.249568
10.728397,1783675229.735644,3.008282,2.081971,1.227271,-0.533502,0.951140,-0.253848
10.741530,1783675229.746700,3.001995,2.092070,1.224927,-0.545034,0.980010,-0.260955
10.752506,1783675229.746700,3.001995,2.092070,1.224927,-0.545034,0.980010,-0.260955
10.767594,1783675229.772728,2.988031,2.114518,1.219797,-0.579414,1.051195,-0.279360
10.782032,1783675229.791955,2.979762,2.128297,1.216439,-0.606994,1.100104,-0.296771
10.796571,1783675229.799871,2.973250,2.140070,1.213262,-0.617286,1.139130,-0.317614
10.809329,1783675229.813896,2.964870,2.155039,1.209242,-0.643673,1.194852,-0.340006
10.828271,1783675229.827521,2.957007,2.169660,1.205133,-0.663836,1.248446,-0.363773
10.839992,1783675229.848760,2.940254,2.202494,1.195488,-0.698587,1.364362,-0.421220
10.851295,1783675229.858763,2.932576,2.218094,1.190662,-0.711143,1.417806,-0.450338
10.861353,1783675229.868639,2.924763,2.234751,1.185394,-0.723252,1.475262,-0.479674
10.872577,1783675229.878716,2.917106,2.251663,1.179905,-0.731402,1.532350,-0.508610
10.885270,1783675229.888633,2.909477,2.269214,1.174080,-0.736632,1.591022,-0.537510
10.896440,1783675229.898661,2.902049,2.287355,1.167949,-0.737521,1.650761,-0.565601
10.908042,1783675229.912534,2.894875,2.305924,1.161565,-0.733136,1.710669,-0.592618
10.919896,1783675229.929848,2.881411,2.342816,1.148642,-0.705819,1.820944,-0.643193
10.931799,1783675229.939695,2.875540,2.361910,1.141821,-0.681006,1.874622,-0.667577
10.944250,1783675229.949840,2.869663,2.381385,1.134800,-0.652942,1.927249,-0.693751
10.954963,1783675229.959644,2.864597,2.401027,1.127589,-0.616432,1.976105,-0.720859
10.966577,1783675229.969634,2.860047,2.421337,1.119986,-0.574648,2.024081,-0.751173
10.978225,1783675229.981933,2.855668,2.442082,1.112075,-0.531072,2.069860,-0.785983
10.990230,1783675229.989647,2.851320,2.465313,1.102979,-0.480626,2.117092,-0.829239
11.002122,1783675230.011442,2.845703,2.509002,1.084794,-0.368679,2.186339,-0.921975
11.014312,1783675230.019803,2.846718,2.508609,1.084788,-0.359754,2.182679,-0.919626
11.026063,1783675230.030386,2.844769,2.531834,1.074506,-0.297777,2.214046,-0.973828
11.038122,1783675230.043706,2.843918,2.553847,1.064263,-0.236564,2.243568,-1.026411
11.049994,1783675230.054213,2.842954,2.579176,1.052113,-0.175308,2.279945,-1.089459
11.065022,1783675230.075074,2.842254,2.625763,1.028511,-0.067736,2.339744,-1.207328
11.075221,1783675230.083149,2.842557,2.651037,1.015003,-0.009357,2.366486,-1.270149
11.086976,1783675230.093678,2.843399,2.674271,1.002130,0.045793,2.389218,-1.325824
11.099102,1783675230.103852,2.844945,2.696829,0.989154,0.104720,2.404132,-1.376572
11.110865,1783675230.115493,2.846701,2.719788,0.975644,0.160873,2.419357,-1.427407
11.122502,1783675230.125180,2.848946,2.742515,0.961879,0.217805,2.429583,-1.475231
11.134752,1783675230.144862,2.854539,2.787208,0.933752,0.327556,2.434801,-1.564642
11.144806,1783675230.144862,2.854539,2.787208,0.933752,0.327556,2.434801,-1.564642
11.156535,1783675230.162159,2.857879,2.809016,0.919477,0.380188,2.428518,-1.606282
11.166598,1783675230.171993,2.861780,2.832121,0.903975,0.437233,2.411668,-1.645811
11.176794,1783675230.182735,2.865695,2.854187,0.888849,0.486323,2.398604,-1.686031
11.190137,1783675230.200115,2.865645,2.854153,0.888893,0.486189,2.398148,-1.685417
11.200183,1783675230.200115,2.865645,2.854153,0.888893,0.486189,2.398148,-1.685417
11.211648,1783675230.217722,2.878447,2.910437,0.847818,0.615997,2.418274,-1.814855
11.223324,1783675230.233237,2.889206,2.948982,0.818335,0.710908,2.384078,-1.885157
11.233885,1783675230.233237,2.889206,2.948982,0.818335,0.710908,2.384078,-1.885157
11.245421,1783675230.252854,2.898490,2.974757,0.798382,0.797808,2.283494,-1.883941
11.255488,1783675230.252854,2.898490,2.974757,0.798382,0.797808,2.283494,-1.883941
11.265490,1783675230.266698,2.912839,3.011387,0.767450,0.892772,2.224412,-1.957826
11.275481,1783675230.282703,2.924038,3.026979,0.754697,0.983175,2.029481,-1.885595
11.285476,1783675230.285996,2.931239,3.030697,0.751525,1.033860,1.815811,-1.789938
11.296990,1783675230.299929,2.929934,3.026402,0.755650,1.029603,1.777735,-1.754433
11.307046,1783675230.316152,2.940457,3.031825,0.748380,1.072263,1.489707,-1.679987
11.317127,1783675230.316152,2.940457,3.031825,0.748380,1.072263,1.489707,-1.679987
11.328321,1783675230.335716,2.957481,3.036557,0.730462,1.069150,1.014629,-1.684408
11.339918,1783675230.349560,2.944904,3.019649,0.749322,0.951871,0.866558,-1.585598
11.350053,1783675230.355662,2.946970,3.019393,0.739864,0.873437,0.682842,-1.665506
11.361341,1783675230.366762,2.944622,3.017520,0.742532,0.847402,0.670541,-1.658822
11.371405,1783675230.366762,2.944622,3.017520,0.742532,0.847402,0.670541,-1.658822
11.381397,1783675230.386633,2.937995,3.015622,0.736690,0.668059,0.538759,-1.781605
11.392865,1783675230.399746,2.939419,3.021176,0.714801,0.590758,0.465260,-1.966835
11.404729,1783675230.406641,2.930621,3.026963,0.704286,0.417546,0.523346,-2.145244
11.415681,1783675230.406641,2.930621,3.026963,0.704286,0.417546,0.523346,-2.145244
11.425742,1783675230.433228,2.918438,3.045110,0.686776,0.212399,0.946224,-2.468685
11.436510,1783675230.437226,2.917459,3.072771,0.639453,0.181145,1.190204,-2.805423
11.446559,1783675230.456847,2.916111,2.985966,0.674669,0.138163,-0.011229,-2.466329
11.456561,1783675230.466563,2.914523,2.997186,0.678073,0.118950,0.093509,-2.483805
11.466576,1783675230.466563,2.914523,2.997186,0.678073,0.118950,0.093509,-2.483805
11.476629,1783675230.486652,2.914026,3.051423,0.615028,0.133086,0.404739,-2.647635
11.487574,1783675230.486652,2.914026,3.051423,0.615028,0.133086,0.404739,-2.647635
11.499542,1783675230.507646,2.918344,3.098105,0.587824,0.164067,0.617652,-2.583486
11.509595,1783675230.507646,2.918344,3.098105,0.587824,0.164067,0.617652,-2.583486
11.521347,1783675230.520656,2.922282,3.122156,0.574139,0.176624,0.670042,-2.544053
11.533321,1783675230.540684,2.931554,3.164415,0.547772,0.204959,0.680733,-2.568767
11.545074,1783675230.550629,2.933900,3.173779,0.554992,0.249123,0.709601,-2.554328
11.557009,1783675230.562526,2.941472,3.196537,0.535175,0.367331,0.693515,-2.735475
11.567050,1783675230.570657,2.954563,3.219807,0.484093,0.517338,0.648399,-3.084487
11.579039,1783675230.583581,2.962412,3.232298,0.490373,0.971736,0.836824,-3.272224
11.591063,1783675230.594816,2.999678,3.259553,0.450352,2.614269,2.101525,-3.451540
11.601213,1783675230.604639,3.058734,3.314047,0.423529,3.824130,4.908234,-1.749677
11.611224,1783675230.616652,3.058657,3.340544,0.397166,2.942544,3.115938,-3.451069
11.622200,1783675230.624663,3.004896,3.310527,0.324460,0.303011,1.543432,-3.469586
11.632272,1783675230.634781,3.000100,3.410984,0.422104,0.000000,0.000000,0.000000
11.643363,1783675230.644708,3.003264,3.422345,0.411113,-0.008010,0.004627,-0.018899
11.655207,1783675230.664646,3.009588,3.446682,0.387116,-0.031231,0.033412,-0.075061
11.666617,1783675230.674954,3.012799,3.459801,0.373922,-0.038391,0.055361,-0.115633
11.675265,1783675230.684770,3.015645,3.471961,0.361377,-0.041930,0.081287,-0.167779
11.688556,1783675230.684770,3.015645,3.471961,0.361377,-0.041930,0.081287,-0.167779
11.700909,1783675230.706693,3.021521,3.497765,0.333363,-0.035442,0.152723,-0.319299
11.713244,1783675230.719074,3.025941,3.515604,0.313532,-0.011773,0.213107,-0.438792
11.723409,1783675230.728946,3.028710,3.527790,0.298364,-0.001122,0.260910,-0.547101
11.735637,1783675230.740117,3.032670,3.543439,0.279074,0.024843,0.326337,-0.682131
11.747961,1783675230.748558,3.035710,3.555726,0.262483,0.039617,0.380154,-0.799859
11.759183,1783675230.758704,3.040544,3.573713,0.239386,0.076643,0.468733,-0.965361
11.771444,1783675230.778658,3.052168,3.615275,0.185670,0.168262,0.680808,-1.328103
11.782616,1783675230.788754,3.058914,3.639025,0.155276,0.219722,0.804750,-1.518636
